[
  {
                "country" : "Afghanistan",
                "country_code" : "93",
                "iso_codes" : "AF / AFG",
                "population" : 29121286,
                "area_km2" : 647500,
                "gdp_usd" : 20650000000
            },
            {
                "country" : "Albania",
                "country_code" : "355",
                "iso_codes" : "AL / ALB",
                "population" : 2986952,
                "area_km2" : 28748,
                "gdp_usd" : 12800000000
            },
            {
                "country" : "Algeria",
                "country_code" : "213",
                "iso_codes" : "DZ / DZA",
                "population" : 34586184,
                "area_km2" : 2381740,
                "gdp_usd" : 215700000000
            },
            {
                "country" : "American Samoa",
                "country_code" : "1-684",
                "iso_codes" : "AS / ASM",
                "population" : 57881,
                "area_km2" : 199,
                "gdp_usd" : 462200000
            },
            {
                "country" : "Andorra",
                "country_code" : "376",
                "iso_codes" : "AD / AND",
                "population" : 84000,
                "area_km2" : 468,
                "gdp_usd" : 4800000000
            },
            {
                "country" : "Angola",
                "country_code" : "244",
                "iso_codes" : "AO / AGO",
                "population" : 13068161,
                "area_km2" : 1246700,
                "gdp_usd" : 124000000000
            },
            {
                "country" : "Anguilla",
                "country_code" : "1-264",
                "iso_codes" : "AI / AIA",
                "population" : 13254,
                "area_km2" : 102,
                "gdp_usd" : 175400000
            },
            {
                "country" : "Antarctica",
                "country_code" : "672",
                "iso_codes" : "AQ / ATA",
                "population" : 0,
                "area_km2" : 14000000,
                "gdp_usd" : null
            },
            {
                "country" : "Antigua and Barbuda",
                "country_code" : "1-268",
                "iso_codes" : "AG / ATG",
                "population" : 86754,
                "area_km2" : 443,
                "gdp_usd" : 1220000000
            },
            {
                "country" : "Argentina",
                "country_code" : "54",
                "iso_codes" : "AR / ARG",
                "population" : 41343201,
                "area_km2" : 2766890,
                "gdp_usd" : 484600000000
            },
            {
                "country" : "Armenia",
                "country_code" : "374",
                "iso_codes" : "AM / ARM",
                "population" : 2968000,
                "area_km2" : 29800,
                "gdp_usd" : 10440000000
            },
            {
                "country" : "Aruba",
                "country_code" : "297",
                "iso_codes" : "AW / ABW",
                "population" : 71566,
                "area_km2" : 193,
                "gdp_usd" : 2516000000
            },
            {
                "country" : "Afghanistan",
                "country_code" : "93",
                "iso_codes" : "AF / AFG",
                "population" : 29121286,
                "area_km2" : 647500,
                "gdp_usd" : 20650000000
            },
            {
                "country" : "Albania",
                "country_code" : "355",
                "iso_codes" : "AL / ALB",
                "population" : 2986952,
                "area_km2" : 28748,
                "gdp_usd" : 12800000000
            },
            {
                "country" : "Algeria",
                "country_code" : "213",
                "iso_codes" : "DZ / DZA",
                "population" : 34586184,
                "area_km2" : 2381740,
                "gdp_usd" : 215700000000
            },
            {
                "country" : "American Samoa",
                "country_code" : "1-684",
                "iso_codes" : "AS / ASM",
                "population" : 57881,
                "area_km2" : 199,
                "gdp_usd" : 462200000
            },
            {
                "country" : "Andorra",
                "country_code" : "376",
                "iso_codes" : "AD / AND",
                "population" : 84000,
                "area_km2" : 468,
                "gdp_usd" : 4800000000
            },
            {
                "country" : "Angola",
                "country_code" : "244",
                "iso_codes" : "AO / AGO",
                "population" : 13068161,
                "area_km2" : 1246700,
                "gdp_usd" : 124000000000
            },
            {
                "country" : "Anguilla",
                "country_code" : "1-264",
                "iso_codes" : "AI / AIA",
                "population" : 13254,
                "area_km2" : 102,
                "gdp_usd" : 175400000
            },
            {
                "country" : "Antarctica",
                "country_code" : "672",
                "iso_codes" : "AQ / ATA",
                "population" : 0,
                "area_km2" : 14000000,
                "gdp_usd" : null
            },
            {
                "country" : "Antigua and Barbuda",
                "country_code" : "1-268",
                "iso_codes" : "AG / ATG",
                "population" : 86754,
                "area_km2" : 443,
                "gdp_usd" : 1220000000
            },
            {
                "country" : "Argentina",
                "country_code" : "54",
                "iso_codes" : "AR / ARG",
                "population" : 41343201,
                "area_km2" : 2766890,
                "gdp_usd" : 484600000000
            },
            {
                "country" : "Armenia",
                "country_code" : "374",
                "iso_codes" : "AM / ARM",
                "population" : 2968000,
                "area_km2" : 29800,
                "gdp_usd" : 10440000000
            },
            {
                "country" : "Aruba",
                "country_code" : "297",
                "iso_codes" : "AW / ABW",
                "population" : 71566,
                "area_km2" : 193,
                "gdp_usd" : 2516000000
            },
            {
                "country" : "Afghanistan",
                "country_code" : "93",
                "iso_codes" : "AF / AFG",
                "population" : 29121286,
                "area_km2" : 647500,
                "gdp_usd" : 20650000000
            },
            {
                "country" : "Albania",
                "country_code" : "355",
                "iso_codes" : "AL / ALB",
                "population" : 2986952,
                "area_km2" : 28748,
                "gdp_usd" : 12800000000
            },
            {
                "country" : "Algeria",
                "country_code" : "213",
                "iso_codes" : "DZ / DZA",
                "population" : 34586184,
                "area_km2" : 2381740,
                "gdp_usd" : 215700000000
            },
            {
                "country" : "American Samoa",
                "country_code" : "1-684",
                "iso_codes" : "AS / ASM",
                "population" : 57881,
                "area_km2" : 199,
                "gdp_usd" : 462200000
            },
            {
                "country" : "Andorra",
                "country_code" : "376",
                "iso_codes" : "AD / AND",
                "population" : 84000,
                "area_km2" : 468,
                "gdp_usd" : 4800000000
            },
            {
                "country" : "Angola",
                "country_code" : "244",
                "iso_codes" : "AO / AGO",
                "population" : 13068161,
                "area_km2" : 1246700,
                "gdp_usd" : 124000000000
            },
            {
                "country" : "Anguilla",
                "country_code" : "1-264",
                "iso_codes" : "AI / AIA",
                "population" : 13254,
                "area_km2" : 102,
                "gdp_usd" : 175400000
            },
            {
                "country" : "Antarctica",
                "country_code" : "672",
                "iso_codes" : "AQ / ATA",
                "population" : 0,
                "area_km2" : 14000000,
                "gdp_usd" : null
            },
            {
                "country" : "Antigua and Barbuda",
                "country_code" : "1-268",
                "iso_codes" : "AG / ATG",
                "population" : 86754,
                "area_km2" : 443,
                "gdp_usd" : 1220000000
            },
            {
                "country" : "Argentina",
                "country_code" : "54",
                "iso_codes" : "AR / ARG",
                "population" : 41343201,
                "area_km2" : 2766890,
                "gdp_usd" : 484600000000
            },
            {
                "country" : "Armenia",
                "country_code" : "374",
                "iso_codes" : "AM / ARM",
                "population" : 2968000,
                "area_km2" : 29800,
                "gdp_usd" : 10440000000
            },
            {
                "country" : "Aruba",
                "country_code" : "297",
                "iso_codes" : "AW / ABW",
                "population" : 71566,
                "area_km2" : 193,
                "gdp_usd" : 2516000000
            },
            {
                "country" : "Afghanistan",
                "country_code" : "93",
                "iso_codes" : "AF / AFG",
                "population" : 29121286,
                "area_km2" : 647500,
                "gdp_usd" : 20650000000
            },
            {
                "country" : "Albania",
                "country_code" : "355",
                "iso_codes" : "AL / ALB",
                "population" : 2986952,
                "area_km2" : 28748,
                "gdp_usd" : 12800000000
            },
            {
                "country" : "Algeria",
                "country_code" : "213",
                "iso_codes" : "DZ / DZA",
                "population" : 34586184,
                "area_km2" : 2381740,
                "gdp_usd" : 215700000000
            },
            {
                "country" : "American Samoa",
                "country_code" : "1-684",
                "iso_codes" : "AS / ASM",
                "population" : 57881,
                "area_km2" : 199,
                "gdp_usd" : 462200000
            },
            {
                "country" : "Andorra",
                "country_code" : "376",
                "iso_codes" : "AD / AND",
                "population" : 84000,
                "area_km2" : 468,
                "gdp_usd" : 4800000000
            },
            {
                "country" : "Angola",
                "country_code" : "244",
                "iso_codes" : "AO / AGO",
                "population" : 13068161,
                "area_km2" : 1246700,
                "gdp_usd" : 124000000000
            },
            {
                "country" : "Anguilla",
                "country_code" : "1-264",
                "iso_codes" : "AI / AIA",
                "population" : 13254,
                "area_km2" : 102,
                "gdp_usd" : 175400000
            },
            {
                "country" : "Antarctica",
                "country_code" : "672",
                "iso_codes" : "AQ / ATA",
                "population" : 0,
                "area_km2" : 14000000,
                "gdp_usd" : null
            },
            {
                "country" : "Antigua and Barbuda",
                "country_code" : "1-268",
                "iso_codes" : "AG / ATG",
                "population" : 86754,
                "area_km2" : 443,
                "gdp_usd" : 1220000000
            },
            {
                "country" : "Argentina",
                "country_code" : "54",
                "iso_codes" : "AR / ARG",
                "population" : 41343201,
                "area_km2" : 2766890,
                "gdp_usd" : 484600000000
            },
            {
                "country" : "Armenia",
                "country_code" : "374",
                "iso_codes" : "AM / ARM",
                "population" : 2968000,
                "area_km2" : 29800,
                "gdp_usd" : 10440000000
            },
            {
                "country" : "Aruba",
                "country_code" : "297",
                "iso_codes" : "AW / ABW",
                "population" : 71566,
                "area_km2" : 193,
                "gdp_usd" : 2516000000
            },
            {
                "country" : "Afghanistan",
                "country_code" : "93",
                "iso_codes" : "AF / AFG",
                "population" : 29121286,
                "area_km2" : 647500,
                "gdp_usd" : 20650000000
            },
            {
                "country" : "Albania",
                "country_code" : "355",
                "iso_codes" : "AL / ALB",
                "population" : 2986952,
                "area_km2" : 28748,
                "gdp_usd" : 12800000000
            },
            {
                "country" : "Algeria",
                "country_code" : "213",
                "iso_codes" : "DZ / DZA",
                "population" : 34586184,
                "area_km2" : 2381740,
                "gdp_usd" : 215700000000
            },
            {
                "country" : "American Samoa",
                "country_code" : "1-684",
                "iso_codes" : "AS / ASM",
                "population" : 57881,
                "area_km2" : 199,
                "gdp_usd" : 462200000
            },
            {
                "country" : "Andorra",
                "country_code" : "376",
                "iso_codes" : "AD / AND",
                "population" : 84000,
                "area_km2" : 468,
                "gdp_usd" : 4800000000
            },
            {
                "country" : "Angola",
                "country_code" : "244",
                "iso_codes" : "AO / AGO",
                "population" : 13068161,
                "area_km2" : 1246700,
                "gdp_usd" : 124000000000
            },
            {
                "country" : "Anguilla",
                "country_code" : "1-264",
                "iso_codes" : "AI / AIA",
                "population" : 13254,
                "area_km2" : 102,
                "gdp_usd" : 175400000
            },
            {
                "country" : "Antarctica",
                "country_code" : "672",
                "iso_codes" : "AQ / ATA",
                "population" : 0,
                "area_km2" : 14000000,
                "gdp_usd" : null
            },
            {
                "country" : "Antigua and Barbuda",
                "country_code" : "1-268",
                "iso_codes" : "AG / ATG",
                "population" : 86754,
                "area_km2" : 443,
                "gdp_usd" : 1220000000
            },
            {
                "country" : "Argentina",
                "country_code" : "54",
                "iso_codes" : "AR / ARG",
                "population" : 41343201,
                "area_km2" : 2766890,
                "gdp_usd" : 484600000000
            },
            {
                "country" : "Armenia",
                "country_code" : "374",
                "iso_codes" : "AM / ARM",
                "population" : 2968000,
                "area_km2" : 29800,
                "gdp_usd" : 10440000000
            },
            {
                "country" : "Aruba",
                "country_code" : "297",
                "iso_codes" : "AW / ABW",
                "population" : 71566,
                "area_km2" : 193,
                "gdp_usd" : 2516000000
            },
            {
                "country" : "Afghanistan",
                "country_code" : "93",
                "iso_codes" : "AF / AFG",
                "population" : 29121286,
                "area_km2" : 647500,
                "gdp_usd" : 20650000000
            },
            {
                "country" : "Albania",
                "country_code" : "355",
                "iso_codes" : "AL / ALB",
                "population" : 2986952,
                "area_km2" : 28748,
                "gdp_usd" : 12800000000
            },
            {
                "country" : "Algeria",
                "country_code" : "213",
                "iso_codes" : "DZ / DZA",
                "population" : 34586184,
                "area_km2" : 2381740,
                "gdp_usd" : 215700000000
            },
            {
                "country" : "American Samoa",
                "country_code" : "1-684",
                "iso_codes" : "AS / ASM",
                "population" : 57881,
                "area_km2" : 199,
                "gdp_usd" : 462200000
            },
            {
                "country" : "Andorra",
                "country_code" : "376",
                "iso_codes" : "AD / AND",
                "population" : 84000,
                "area_km2" : 468,
                "gdp_usd" : 4800000000
            },
            {
                "country" : "Angola",
                "country_code" : "244",
                "iso_codes" : "AO / AGO",
                "population" : 13068161,
                "area_km2" : 1246700,
                "gdp_usd" : 124000000000
            },
            {
                "country" : "Anguilla",
                "country_code" : "1-264",
                "iso_codes" : "AI / AIA",
                "population" : 13254,
                "area_km2" : 102,
                "gdp_usd" : 175400000
            },
            {
                "country" : "Antarctica",
                "country_code" : "672",
                "iso_codes" : "AQ / ATA",
                "population" : 0,
                "area_km2" : 14000000,
                "gdp_usd" : null
            },
            {
                "country" : "Antigua and Barbuda",
                "country_code" : "1-268",
                "iso_codes" : "AG / ATG",
                "population" : 86754,
                "area_km2" : 443,
                "gdp_usd" : 1220000000
            },
            {
                "country" : "Argentina",
                "country_code" : "54",
                "iso_codes" : "AR / ARG",
                "population" : 41343201,
                "area_km2" : 2766890,
                "gdp_usd" : 484600000000
            },
            {
                "country" : "Armenia",
                "country_code" : "374",
                "iso_codes" : "AM / ARM",
                "population" : 2968000,
                "area_km2" : 29800,
                "gdp_usd" : 10440000000
            },
            {
                "country" : "Aruba",
                "country_code" : "297",
                "iso_codes" : "AW / ABW",
                "population" : 71566,
                "area_km2" : 193,
                "gdp_usd" : 2516000000
            },
            {
                "country" : "Afghanistan",
                "country_code" : "93",
                "iso_codes" : "AF / AFG",
                "population" : 29121286,
                "area_km2" : 647500,
                "gdp_usd" : 20650000000
            },
            {
                "country" : "Albania",
                "country_code" : "355",
                "iso_codes" : "AL / ALB",
                "population" : 2986952,
                "area_km2" : 28748,
                "gdp_usd" : 12800000000
            },
            {
                "country" : "Algeria",
                "country_code" : "213",
                "iso_codes" : "DZ / DZA",
                "population" : 34586184,
                "area_km2" : 2381740,
                "gdp_usd" : 215700000000
            },
            {
                "country" : "American Samoa",
                "country_code" : "1-684",
                "iso_codes" : "AS / ASM",
                "population" : 57881,
                "area_km2" : 199,
                "gdp_usd" : 462200000
            },
            {
                "country" : "Andorra",
                "country_code" : "376",
                "iso_codes" : "AD / AND",
                "population" : 84000,
                "area_km2" : 468,
                "gdp_usd" : 4800000000
            },
            {
                "country" : "Angola",
                "country_code" : "244",
                "iso_codes" : "AO / AGO",
                "population" : 13068161,
                "area_km2" : 1246700,
                "gdp_usd" : 124000000000
            },
            {
                "country" : "Anguilla",
                "country_code" : "1-264",
                "iso_codes" : "AI / AIA",
                "population" : 13254,
                "area_km2" : 102,
                "gdp_usd" : 175400000
            },
            {
                "country" : "Antarctica",
                "country_code" : "672",
                "iso_codes" : "AQ / ATA",
                "population" : 0,
                "area_km2" : 14000000,
                "gdp_usd" : null
            },
            {
                "country" : "Antigua and Barbuda",
                "country_code" : "1-268",
                "iso_codes" : "AG / ATG",
                "population" : 86754,
                "area_km2" : 443,
                "gdp_usd" : 1220000000
            },
            {
                "country" : "Argentina",
                "country_code" : "54",
                "iso_codes" : "AR / ARG",
                "population" : 41343201,
                "area_km2" : 2766890,
                "gdp_usd" : 484600000000
            },
            {
                "country" : "Armenia",
                "country_code" : "374",
                "iso_codes" : "AM / ARM",
                "population" : 2968000,
                "area_km2" : 29800,
                "gdp_usd" : 10440000000
            },
            {
                "country" : "Aruba",
                "country_code" : "297",
                "iso_codes" : "AW / ABW",
                "population" : 71566,
                "area_km2" : 193,
                "gdp_usd" : 2516000000
            },
            {
                "country" : "Afghanistan",
                "country_code" : "93",
                "iso_codes" : "AF / AFG",
                "population" : 29121286,
                "area_km2" : 647500,
                "gdp_usd" : 20650000000
            },
            {
                "country" : "Albania",
                "country_code" : "355",
                "iso_codes" : "AL / ALB",
                "population" : 2986952,
                "area_km2" : 28748,
                "gdp_usd" : 12800000000
            },
            {
                "country" : "Algeria",
                "country_code" : "213",
                "iso_codes" : "DZ / DZA",
                "population" : 34586184,
                "area_km2" : 2381740,
                "gdp_usd" : 215700000000
            },
            {
                "country" : "American Samoa",
                "country_code" : "1-684",
                "iso_codes" : "AS / ASM",
                "population" : 57881,
                "area_km2" : 199,
                "gdp_usd" : 462200000
            },
            {
                "country" : "Andorra",
                "country_code" : "376",
                "iso_codes" : "AD / AND",
                "population" : 84000,
                "area_km2" : 468,
                "gdp_usd" : 4800000000
            },
            {
                "country" : "Angola",
                "country_code" : "244",
                "iso_codes" : "AO / AGO",
                "population" : 13068161,
                "area_km2" : 1246700,
                "gdp_usd" : 124000000000
            },
            {
                "country" : "Anguilla",
                "country_code" : "1-264",
                "iso_codes" : "AI / AIA",
                "population" : 13254,
                "area_km2" : 102,
                "gdp_usd" : 175400000
            },
            {
                "country" : "Antarctica",
                "country_code" : "672",
                "iso_codes" : "AQ / ATA",
                "population" : 0,
                "area_km2" : 14000000,
                "gdp_usd" : null
            },
            {
                "country" : "Antigua and Barbuda",
                "country_code" : "1-268",
                "iso_codes" : "AG / ATG",
                "population" : 86754,
                "area_km2" : 443,
                "gdp_usd" : 1220000000
            },
            {
                "country" : "Argentina",
                "country_code" : "54",
                "iso_codes" : "AR / ARG",
                "population" : 41343201,
                "area_km2" : 2766890,
                "gdp_usd" : 484600000000
            },
            {
                "country" : "Armenia",
                "country_code" : "374",
                "iso_codes" : "AM / ARM",
                "population" : 2968000,
                "area_km2" : 29800,
                "gdp_usd" : 10440000000
            },
            {
                "country" : "Aruba",
                "country_code" : "297",
                "iso_codes" : "AW / ABW",
                "population" : 71566,
                "area_km2" : 193,
                "gdp_usd" : 2516000000
            },
            {
                "country" : "Afghanistan",
                "country_code" : "93",
                "iso_codes" : "AF / AFG",
                "population" : 29121286,
                "area_km2" : 647500,
                "gdp_usd" : 20650000000
            },
            {
                "country" : "Albania",
                "country_code" : "355",
                "iso_codes" : "AL / ALB",
                "population" : 2986952,
                "area_km2" : 28748,
                "gdp_usd" : 12800000000
            },
            {
                "country" : "Algeria",
                "country_code" : "213",
                "iso_codes" : "DZ / DZA",
                "population" : 34586184,
                "area_km2" : 2381740,
                "gdp_usd" : 215700000000
            },
            {
                "country" : "American Samoa",
                "country_code" : "1-684",
                "iso_codes" : "AS / ASM",
                "population" : 57881,
                "area_km2" : 199,
                "gdp_usd" : 462200000
            },
            {
                "country" : "Andorra",
                "country_code" : "376",
                "iso_codes" : "AD / AND",
                "population" : 84000,
                "area_km2" : 468,
                "gdp_usd" : 4800000000
            },
            {
                "country" : "Angola",
                "country_code" : "244",
                "iso_codes" : "AO / AGO",
                "population" : 13068161,
                "area_km2" : 1246700,
                "gdp_usd" : 124000000000
            },
            {
                "country" : "Anguilla",
                "country_code" : "1-264",
                "iso_codes" : "AI / AIA",
                "population" : 13254,
                "area_km2" : 102,
                "gdp_usd" : 175400000
            },
            {
                "country" : "Antarctica",
                "country_code" : "672",
                "iso_codes" : "AQ / ATA",
                "population" : 0,
                "area_km2" : 14000000,
                "gdp_usd" : null
            },
            {
                "country" : "Antigua and Barbuda",
                "country_code" : "1-268",
                "iso_codes" : "AG / ATG",
                "population" : 86754,
                "area_km2" : 443,
                "gdp_usd" : 1220000000
            },
            {
                "country" : "Argentina",
                "country_code" : "54",
                "iso_codes" : "AR / ARG",
                "population" : 41343201,
                "area_km2" : 2766890,
                "gdp_usd" : 484600000000
            },
            {
                "country" : "Armenia",
                "country_code" : "374",
                "iso_codes" : "AM / ARM",
                "population" : 2968000,
                "area_km2" : 29800,
                "gdp_usd" : 10440000000
            },
            {
                "country" : "Aruba",
                "country_code" : "297",
                "iso_codes" : "AW / ABW",
                "population" : 71566,
                "area_km2" : 193,
                "gdp_usd" : 2516000000
            },
            {
                "country" : "Afghanistan",
                "country_code" : "93",
                "iso_codes" : "AF / AFG",
                "population" : 29121286,
                "area_km2" : 647500,
                "gdp_usd" : 20650000000
            },
            {
                "country" : "Albania",
                "country_code" : "355",
                "iso_codes" : "AL / ALB",
                "population" : 2986952,
                "area_km2" : 28748,
                "gdp_usd" : 12800000000
            },
            {
                "country" : "Algeria",
                "country_code" : "213",
                "iso_codes" : "DZ / DZA",
                "population" : 34586184,
                "area_km2" : 2381740,
                "gdp_usd" : 215700000000
            },
            {
                "country" : "American Samoa",
                "country_code" : "1-684",
                "iso_codes" : "AS / ASM",
                "population" : 57881,
                "area_km2" : 199,
                "gdp_usd" : 462200000
            },
            {
                "country" : "Andorra",
                "country_code" : "376",
                "iso_codes" : "AD / AND",
                "population" : 84000,
                "area_km2" : 468,
                "gdp_usd" : 4800000000
            },
            {
                "country" : "Angola",
                "country_code" : "244",
                "iso_codes" : "AO / AGO",
                "population" : 13068161,
                "area_km2" : 1246700,
                "gdp_usd" : 124000000000
            },
            {
                "country" : "Anguilla",
                "country_code" : "1-264",
                "iso_codes" : "AI / AIA",
                "population" : 13254,
                "area_km2" : 102,
                "gdp_usd" : 175400000
            },
            {
                "country" : "Antarctica",
                "country_code" : "672",
                "iso_codes" : "AQ / ATA",
                "population" : 0,
                "area_km2" : 14000000,
                "gdp_usd" : null
            },
            {
                "country" : "Antigua and Barbuda",
                "country_code" : "1-268",
                "iso_codes" : "AG / ATG",
                "population" : 86754,
                "area_km2" : 443,
                "gdp_usd" : 1220000000
            },
            {
                "country" : "Argentina",
                "country_code" : "54",
                "iso_codes" : "AR / ARG",
                "population" : 41343201,
                "area_km2" : 2766890,
                "gdp_usd" : 484600000000
            },
            {
                "country" : "Armenia",
                "country_code" : "374",
                "iso_codes" : "AM / ARM",
                "population" : 2968000,
                "area_km2" : 29800,
                "gdp_usd" : 10440000000
            },
            {
                "country" : "Aruba",
                "country_code" : "297",
                "iso_codes" : "AW / ABW",
                "population" : 71566,
                "area_km2" : 193,
                "gdp_usd" : 2516000000
            },
            {
                "country" : "Afghanistan",
                "country_code" : "93",
                "iso_codes" : "AF / AFG",
                "population" : 29121286,
                "area_km2" : 647500,
                "gdp_usd" : 20650000000
            },
            {
                "country" : "Albania",
                "country_code" : "355",
                "iso_codes" : "AL / ALB",
                "population" : 2986952,
                "area_km2" : 28748,
                "gdp_usd" : 12800000000
            },
            {
                "country" : "Algeria",
                "country_code" : "213",
                "iso_codes" : "DZ / DZA",
                "population" : 34586184,
                "area_km2" : 2381740,
                "gdp_usd" : 215700000000
            },
            {
                "country" : "American Samoa",
                "country_code" : "1-684",
                "iso_codes" : "AS / ASM",
                "population" : 57881,
                "area_km2" : 199,
                "gdp_usd" : 462200000
            },
            {
                "country" : "Andorra",
                "country_code" : "376",
                "iso_codes" : "AD / AND",
                "population" : 84000,
                "area_km2" : 468,
                "gdp_usd" : 4800000000
            },
            {
                "country" : "Angola",
                "country_code" : "244",
                "iso_codes" : "AO / AGO",
                "population" : 13068161,
                "area_km2" : 1246700,
                "gdp_usd" : 124000000000
            },
            {
                "country" : "Anguilla",
                "country_code" : "1-264",
                "iso_codes" : "AI / AIA",
                "population" : 13254,
                "area_km2" : 102,
                "gdp_usd" : 175400000
            },
            {
                "country" : "Antarctica",
                "country_code" : "672",
                "iso_codes" : "AQ / ATA",
                "population" : 0,
                "area_km2" : 14000000,
                "gdp_usd" : null
            },
            {
                "country" : "Antigua and Barbuda",
                "country_code" : "1-268",
                "iso_codes" : "AG / ATG",
                "population" : 86754,
                "area_km2" : 443,
                "gdp_usd" : 1220000000
            },
            {
                "country" : "Argentina",
                "country_code" : "54",
                "iso_codes" : "AR / ARG",
                "population" : 41343201,
                "area_km2" : 2766890,
                "gdp_usd" : 484600000000
            },
            {
                "country" : "Armenia",
                "country_code" : "374",
                "iso_codes" : "AM / ARM",
                "population" : 2968000,
                "area_km2" : 29800,
                "gdp_usd" : 10440000000
            },
            {
                "country" : "Aruba",
                "country_code" : "297",
                "iso_codes" : "AW / ABW",
                "population" : 71566,
                "area_km2" : 193,
                "gdp_usd" : 2516000000
            },
            {
                "country" : "Afghanistan",
                "country_code" : "93",
                "iso_codes" : "AF / AFG",
                "population" : 29121286,
                "area_km2" : 647500,
                "gdp_usd" : 20650000000
            },
            {
                "country" : "Albania",
                "country_code" : "355",
                "iso_codes" : "AL / ALB",
                "population" : 2986952,
                "area_km2" : 28748,
                "gdp_usd" : 12800000000
            },
            {
                "country" : "Algeria",
                "country_code" : "213",
                "iso_codes" : "DZ / DZA",
                "population" : 34586184,
                "area_km2" : 2381740,
                "gdp_usd" : 215700000000
            },
            {
                "country" : "American Samoa",
                "country_code" : "1-684",
                "iso_codes" : "AS / ASM",
                "population" : 57881,
                "area_km2" : 199,
                "gdp_usd" : 462200000
            },
            {
                "country" : "Andorra",
                "country_code" : "376",
                "iso_codes" : "AD / AND",
                "population" : 84000,
                "area_km2" : 468,
                "gdp_usd" : 4800000000
            },
            {
                "country" : "Angola",
                "country_code" : "244",
                "iso_codes" : "AO / AGO",
                "population" : 13068161,
                "area_km2" : 1246700,
                "gdp_usd" : 124000000000
            },
            {
                "country" : "Anguilla",
                "country_code" : "1-264",
                "iso_codes" : "AI / AIA",
                "population" : 13254,
                "area_km2" : 102,
                "gdp_usd" : 175400000
            },
            {
                "country" : "Antarctica",
                "country_code" : "672",
                "iso_codes" : "AQ / ATA",
                "population" : 0,
                "area_km2" : 14000000,
                "gdp_usd" : null
            },
            {
                "country" : "Antigua and Barbuda",
                "country_code" : "1-268",
                "iso_codes" : "AG / ATG",
                "population" : 86754,
                "area_km2" : 443,
                "gdp_usd" : 1220000000
            },
            {
                "country" : "Argentina",
                "country_code" : "54",
                "iso_codes" : "AR / ARG",
                "population" : 41343201,
                "area_km2" : 2766890,
                "gdp_usd" : 484600000000
            },
            {
                "country" : "Armenia",
                "country_code" : "374",
                "iso_codes" : "AM / ARM",
                "population" : 2968000,
                "area_km2" : 29800,
                "gdp_usd" : 10440000000
            },
            {
                "country" : "Aruba",
                "country_code" : "297",
                "iso_codes" : "AW / ABW",
                "population" : 71566,
                "area_km2" : 193,
                "gdp_usd" : 2516000000
            },
            {
                "country" : "Afghanistan",
                "country_code" : "93",
                "iso_codes" : "AF / AFG",
                "population" : 29121286,
                "area_km2" : 647500,
                "gdp_usd" : 20650000000
            },
            {
                "country" : "Albania",
                "country_code" : "355",
                "iso_codes" : "AL / ALB",
                "population" : 2986952,
                "area_km2" : 28748,
                "gdp_usd" : 12800000000
            },
            {
                "country" : "Algeria",
                "country_code" : "213",
                "iso_codes" : "DZ / DZA",
                "population" : 34586184,
                "area_km2" : 2381740,
                "gdp_usd" : 215700000000
            },
            {
                "country" : "American Samoa",
                "country_code" : "1-684",
                "iso_codes" : "AS / ASM",
                "population" : 57881,
                "area_km2" : 199,
                "gdp_usd" : 462200000
            },
            {
                "country" : "Andorra",
                "country_code" : "376",
                "iso_codes" : "AD / AND",
                "population" : 84000,
                "area_km2" : 468,
                "gdp_usd" : 4800000000
            },
            {
                "country" : "Angola",
                "country_code" : "244",
                "iso_codes" : "AO / AGO",
                "population" : 13068161,
                "area_km2" : 1246700,
                "gdp_usd" : 124000000000
            },
            {
                "country" : "Anguilla",
                "country_code" : "1-264",
                "iso_codes" : "AI / AIA",
                "population" : 13254,
                "area_km2" : 102,
                "gdp_usd" : 175400000
            },
            {
                "country" : "Antarctica",
                "country_code" : "672",
                "iso_codes" : "AQ / ATA",
                "population" : 0,
                "area_km2" : 14000000,
                "gdp_usd" : null
            },
            {
                "country" : "Antigua and Barbuda",
                "country_code" : "1-268",
                "iso_codes" : "AG / ATG",
                "population" : 86754,
                "area_km2" : 443,
                "gdp_usd" : 1220000000
            },
            {
                "country" : "Argentina",
                "country_code" : "54",
                "iso_codes" : "AR / ARG",
                "population" : 41343201,
                "area_km2" : 2766890,
                "gdp_usd" : 484600000000
            },
            {
                "country" : "Armenia",
                "country_code" : "374",
                "iso_codes" : "AM / ARM",
                "population" : 2968000,
                "area_km2" : 29800,
                "gdp_usd" : 10440000000
            },
            {
                "country" : "Aruba",
                "country_code" : "297",
                "iso_codes" : "AW / ABW",
                "population" : 71566,
                "area_km2" : 193,
                "gdp_usd" : 2516000000
            },
            {
                "country" : "Afghanistan",
                "country_code" : "93",
                "iso_codes" : "AF / AFG",
                "population" : 29121286,
                "area_km2" : 647500,
                "gdp_usd" : 20650000000
            },
            {
                "country" : "Albania",
                "country_code" : "355",
                "iso_codes" : "AL / ALB",
                "population" : 2986952,
                "area_km2" : 28748,
                "gdp_usd" : 12800000000
            },
            {
                "country" : "Algeria",
                "country_code" : "213",
                "iso_codes" : "DZ / DZA",
                "population" : 34586184,
                "area_km2" : 2381740,
                "gdp_usd" : 215700000000
            },
            {
                "country" : "American Samoa",
                "country_code" : "1-684",
                "iso_codes" : "AS / ASM",
                "population" : 57881,
                "area_km2" : 199,
                "gdp_usd" : 462200000
            },
            {
                "country" : "Andorra",
                "country_code" : "376",
                "iso_codes" : "AD / AND",
                "population" : 84000,
                "area_km2" : 468,
                "gdp_usd" : 4800000000
            },
            {
                "country" : "Angola",
                "country_code" : "244",
                "iso_codes" : "AO / AGO",
                "population" : 13068161,
                "area_km2" : 1246700,
                "gdp_usd" : 124000000000
            },
            {
                "country" : "Anguilla",
                "country_code" : "1-264",
                "iso_codes" : "AI / AIA",
                "population" : 13254,
                "area_km2" : 102,
                "gdp_usd" : 175400000
            },
            {
                "country" : "Antarctica",
                "country_code" : "672",
                "iso_codes" : "AQ / ATA",
                "population" : 0,
                "area_km2" : 14000000,
                "gdp_usd" : null
            },
            {
                "country" : "Antigua and Barbuda",
                "country_code" : "1-268",
                "iso_codes" : "AG / ATG",
                "population" : 86754,
                "area_km2" : 443,
                "gdp_usd" : 1220000000
            },
            {
                "country" : "Argentina",
                "country_code" : "54",
                "iso_codes" : "AR / ARG",
                "population" : 41343201,
                "area_km2" : 2766890,
                "gdp_usd" : 484600000000
            },
            {
                "country" : "Armenia",
                "country_code" : "374",
                "iso_codes" : "AM / ARM",
                "population" : 2968000,
                "area_km2" : 29800,
                "gdp_usd" : 10440000000
            },
            {
                "country" : "Aruba",
                "country_code" : "297",
                "iso_codes" : "AW / ABW",
                "population" : 71566,
                "area_km2" : 193,
                "gdp_usd" : 2516000000
            },
            {
                "country" : "Afghanistan",
                "country_code" : "93",
                "iso_codes" : "AF / AFG",
                "population" : 29121286,
                "area_km2" : 647500,
                "gdp_usd" : 20650000000
            },
            {
                "country" : "Albania",
                "country_code" : "355",
                "iso_codes" : "AL / ALB",
                "population" : 2986952,
                "area_km2" : 28748,
                "gdp_usd" : 12800000000
            },
            {
                "country" : "Algeria",
                "country_code" : "213",
                "iso_codes" : "DZ / DZA",
                "population" : 34586184,
                "area_km2" : 2381740,
                "gdp_usd" : 215700000000
            },
            {
                "country" : "American Samoa",
                "country_code" : "1-684",
                "iso_codes" : "AS / ASM",
                "population" : 57881,
                "area_km2" : 199,
                "gdp_usd" : 462200000
            },
            {
                "country" : "Andorra",
                "country_code" : "376",
                "iso_codes" : "AD / AND",
                "population" : 84000,
                "area_km2" : 468,
                "gdp_usd" : 4800000000
            },
            {
                "country" : "Angola",
                "country_code" : "244",
                "iso_codes" : "AO / AGO",
                "population" : 13068161,
                "area_km2" : 1246700,
                "gdp_usd" : 124000000000
            },
            {
                "country" : "Anguilla",
                "country_code" : "1-264",
                "iso_codes" : "AI / AIA",
                "population" : 13254,
                "area_km2" : 102,
                "gdp_usd" : 175400000
            },
            {
                "country" : "Antarctica",
                "country_code" : "672",
                "iso_codes" : "AQ / ATA",
                "population" : 0,
                "area_km2" : 14000000,
                "gdp_usd" : null
            },
            {
                "country" : "Antigua and Barbuda",
                "country_code" : "1-268",
                "iso_codes" : "AG / ATG",
                "population" : 86754,
                "area_km2" : 443,
                "gdp_usd" : 1220000000
            },
            {
                "country" : "Argentina",
                "country_code" : "54",
                "iso_codes" : "AR / ARG",
                "population" : 41343201,
                "area_km2" : 2766890,
                "gdp_usd" : 484600000000
            },
            {
                "country" : "Armenia",
                "country_code" : "374",
                "iso_codes" : "AM / ARM",
                "population" : 2968000,
                "area_km2" : 29800,
                "gdp_usd" : 10440000000
            },
            {
                "country" : "Aruba",
                "country_code" : "297",
                "iso_codes" : "AW / ABW",
                "population" : 71566,
                "area_km2" : 193,
                "gdp_usd" : 2516000000
            },
            {
                "country" : "Afghanistan",
                "country_code" : "93",
                "iso_codes" : "AF / AFG",
                "population" : 29121286,
                "area_km2" : 647500,
                "gdp_usd" : 20650000000
            },
            {
                "country" : "Albania",
                "country_code" : "355",
                "iso_codes" : "AL / ALB",
                "population" : 2986952,
                "area_km2" : 28748,
                "gdp_usd" : 12800000000
            },
            {
                "country" : "Algeria",
                "country_code" : "213",
                "iso_codes" : "DZ / DZA",
                "population" : 34586184,
                "area_km2" : 2381740,
                "gdp_usd" : 215700000000
            },
            {
                "country" : "American Samoa",
                "country_code" : "1-684",
                "iso_codes" : "AS / ASM",
                "population" : 57881,
                "area_km2" : 199,
                "gdp_usd" : 462200000
            },
            {
                "country" : "Andorra",
                "country_code" : "376",
                "iso_codes" : "AD / AND",
                "population" : 84000,
                "area_km2" : 468,
                "gdp_usd" : 4800000000
            },
            {
                "country" : "Angola",
                "country_code" : "244",
                "iso_codes" : "AO / AGO",
                "population" : 13068161,
                "area_km2" : 1246700,
                "gdp_usd" : 124000000000
            },
            {
                "country" : "Anguilla",
                "country_code" : "1-264",
                "iso_codes" : "AI / AIA",
                "population" : 13254,
                "area_km2" : 102,
                "gdp_usd" : 175400000
            },
            {
                "country" : "Antarctica",
                "country_code" : "672",
                "iso_codes" : "AQ / ATA",
                "population" : 0,
                "area_km2" : 14000000,
                "gdp_usd" : null
            },
            {
                "country" : "Antigua and Barbuda",
                "country_code" : "1-268",
                "iso_codes" : "AG / ATG",
                "population" : 86754,
                "area_km2" : 443,
                "gdp_usd" : 1220000000
            },
            {
                "country" : "Argentina",
                "country_code" : "54",
                "iso_codes" : "AR / ARG",
                "population" : 41343201,
                "area_km2" : 2766890,
                "gdp_usd" : 484600000000
            },
            {
                "country" : "Armenia",
                "country_code" : "374",
                "iso_codes" : "AM / ARM",
                "population" : 2968000,
                "area_km2" : 29800,
                "gdp_usd" : 10440000000
            },
            {
                "country" : "Aruba",
                "country_code" : "297",
                "iso_codes" : "AW / ABW",
                "population" : 71566,
                "area_km2" : 193,
                "gdp_usd" : 2516000000
            },
            {
                "country" : "Afghanistan",
                "country_code" : "93",
                "iso_codes" : "AF / AFG",
                "population" : 29121286,
                "area_km2" : 647500,
                "gdp_usd" : 20650000000
            },
            {
                "country" : "Albania",
                "country_code" : "355",
                "iso_codes" : "AL / ALB",
                "population" : 2986952,
                "area_km2" : 28748,
                "gdp_usd" : 12800000000
            },
            {
                "country" : "Algeria",
                "country_code" : "213",
                "iso_codes" : "DZ / DZA",
                "population" : 34586184,
                "area_km2" : 2381740,
                "gdp_usd" : 215700000000
            },
            {
                "country" : "American Samoa",
                "country_code" : "1-684",
                "iso_codes" : "AS / ASM",
                "population" : 57881,
                "area_km2" : 199,
                "gdp_usd" : 462200000
            },
            {
                "country" : "Andorra",
                "country_code" : "376",
                "iso_codes" : "AD / AND",
                "population" : 84000,
                "area_km2" : 468,
                "gdp_usd" : 4800000000
            },
            {
                "country" : "Angola",
                "country_code" : "244",
                "iso_codes" : "AO / AGO",
                "population" : 13068161,
                "area_km2" : 1246700,
                "gdp_usd" : 124000000000
            },
            {
                "country" : "Anguilla",
                "country_code" : "1-264",
                "iso_codes" : "AI / AIA",
                "population" : 13254,
                "area_km2" : 102,
                "gdp_usd" : 175400000
            },
            {
                "country" : "Antarctica",
                "country_code" : "672",
                "iso_codes" : "AQ / ATA",
                "population" : 0,
                "area_km2" : 14000000,
                "gdp_usd" : null
            },
            {
                "country" : "Antigua and Barbuda",
                "country_code" : "1-268",
                "iso_codes" : "AG / ATG",
                "population" : 86754,
                "area_km2" : 443,
                "gdp_usd" : 1220000000
            },
            {
                "country" : "Argentina",
                "country_code" : "54",
                "iso_codes" : "AR / ARG",
                "population" : 41343201,
                "area_km2" : 2766890,
                "gdp_usd" : 484600000000
            },
            {
                "country" : "Armenia",
                "country_code" : "374",
                "iso_codes" : "AM / ARM",
                "population" : 2968000,
                "area_km2" : 29800,
                "gdp_usd" : 10440000000
            },
            {
                "country" : "Aruba",
                "country_code" : "297",
                "iso_codes" : "AW / ABW",
                "population" : 71566,
                "area_km2" : 193,
                "gdp_usd" : 2516000000
            },
            {
                "country" : "Afghanistan",
                "country_code" : "93",
                "iso_codes" : "AF / AFG",
                "population" : 29121286,
                "area_km2" : 647500,
                "gdp_usd" : 20650000000
            },
            {
                "country" : "Albania",
                "country_code" : "355",
                "iso_codes" : "AL / ALB",
                "population" : 2986952,
                "area_km2" : 28748,
                "gdp_usd" : 12800000000
            },
            {
                "country" : "Algeria",
                "country_code" : "213",
                "iso_codes" : "DZ / DZA",
                "population" : 34586184,
                "area_km2" : 2381740,
                "gdp_usd" : 215700000000
            },
            {
                "country" : "American Samoa",
                "country_code" : "1-684",
                "iso_codes" : "AS / ASM",
                "population" : 57881,
                "area_km2" : 199,
                "gdp_usd" : 462200000
            },
            {
                "country" : "Andorra",
                "country_code" : "376",
                "iso_codes" : "AD / AND",
                "population" : 84000,
                "area_km2" : 468,
                "gdp_usd" : 4800000000
            },
            {
                "country" : "Angola",
                "country_code" : "244",
                "iso_codes" : "AO / AGO",
                "population" : 13068161,
                "area_km2" : 1246700,
                "gdp_usd" : 124000000000
            },
            {
                "country" : "Anguilla",
                "country_code" : "1-264",
                "iso_codes" : "AI / AIA",
                "population" : 13254,
                "area_km2" : 102,
                "gdp_usd" : 175400000
            },
            {
                "country" : "Antarctica",
                "country_code" : "672",
                "iso_codes" : "AQ / ATA",
                "population" : 0,
                "area_km2" : 14000000,
                "gdp_usd" : null
            },
            {
                "country" : "Antigua and Barbuda",
                "country_code" : "1-268",
                "iso_codes" : "AG / ATG",
                "population" : 86754,
                "area_km2" : 443,
                "gdp_usd" : 1220000000
            },
            {
                "country" : "Argentina",
                "country_code" : "54",
                "iso_codes" : "AR / ARG",
                "population" : 41343201,
                "area_km2" : 2766890,
                "gdp_usd" : 484600000000
            },
            {
                "country" : "Armenia",
                "country_code" : "374",
                "iso_codes" : "AM / ARM",
                "population" : 2968000,
                "area_km2" : 29800,
                "gdp_usd" : 10440000000
            },
            {
                "country" : "Aruba",
                "country_code" : "297",
                "iso_codes" : "AW / ABW",
                "population" : 71566,
                "area_km2" : 193,
                "gdp_usd" : 2516000000
            },
            {
                "country" : "Afghanistan",
                "country_code" : "93",
                "iso_codes" : "AF / AFG",
                "population" : 29121286,
                "area_km2" : 647500,
                "gdp_usd" : 20650000000
            },
            {
                "country" : "Albania",
                "country_code" : "355",
                "iso_codes" : "AL / ALB",
                "population" : 2986952,
                "area_km2" : 28748,
                "gdp_usd" : 12800000000
            },
            {
                "country" : "Algeria",
                "country_code" : "213",
                "iso_codes" : "DZ / DZA",
                "population" : 34586184,
                "area_km2" : 2381740,
                "gdp_usd" : 215700000000
            },
            {
                "country" : "American Samoa",
                "country_code" : "1-684",
                "iso_codes" : "AS / ASM",
                "population" : 57881,
                "area_km2" : 199,
                "gdp_usd" : 462200000
            },
            {
                "country" : "Andorra",
                "country_code" : "376",
                "iso_codes" : "AD / AND",
                "population" : 84000,
                "area_km2" : 468,
                "gdp_usd" : 4800000000
            },
            {
                "country" : "Angola",
                "country_code" : "244",
                "iso_codes" : "AO / AGO",
                "population" : 13068161,
                "area_km2" : 1246700,
                "gdp_usd" : 124000000000
            },
            {
                "country" : "Anguilla",
                "country_code" : "1-264",
                "iso_codes" : "AI / AIA",
                "population" : 13254,
                "area_km2" : 102,
                "gdp_usd" : 175400000
            },
            {
                "country" : "Antarctica",
                "country_code" : "672",
                "iso_codes" : "AQ / ATA",
                "population" : 0,
                "area_km2" : 14000000,
                "gdp_usd" : null
            },
            {
                "country" : "Antigua and Barbuda",
                "country_code" : "1-268",
                "iso_codes" : "AG / ATG",
                "population" : 86754,
                "area_km2" : 443,
                "gdp_usd" : 1220000000
            },
            {
                "country" : "Argentina",
                "country_code" : "54",
                "iso_codes" : "AR / ARG",
                "population" : 41343201,
                "area_km2" : 2766890,
                "gdp_usd" : 484600000000
            },
            {
                "country" : "Armenia",
                "country_code" : "374",
                "iso_codes" : "AM / ARM",
                "population" : 2968000,
                "area_km2" : 29800,
                "gdp_usd" : 10440000000
            },
            {
                "country" : "Aruba",
                "country_code" : "297",
                "iso_codes" : "AW / ABW",
                "population" : 71566,
                "area_km2" : 193,
                "gdp_usd" : 2516000000
            },
            {
                "country" : "Afghanistan",
                "country_code" : "93",
                "iso_codes" : "AF / AFG",
                "population" : 29121286,
                "area_km2" : 647500,
                "gdp_usd" : 20650000000
            },
            {
                "country" : "Albania",
                "country_code" : "355",
                "iso_codes" : "AL / ALB",
                "population" : 2986952,
                "area_km2" : 28748,
                "gdp_usd" : 12800000000
            },
            {
                "country" : "Algeria",
                "country_code" : "213",
                "iso_codes" : "DZ / DZA",
                "population" : 34586184,
                "area_km2" : 2381740,
                "gdp_usd" : 215700000000
            },
            {
                "country" : "American Samoa",
                "country_code" : "1-684",
                "iso_codes" : "AS / ASM",
                "population" : 57881,
                "area_km2" : 199,
                "gdp_usd" : 462200000
            },
            {
                "country" : "Andorra",
                "country_code" : "376",
                "iso_codes" : "AD / AND",
                "population" : 84000,
                "area_km2" : 468,
                "gdp_usd" : 4800000000
            },
            {
                "country" : "Angola",
                "country_code" : "244",
                "iso_codes" : "AO / AGO",
                "population" : 13068161,
                "area_km2" : 1246700,
                "gdp_usd" : 124000000000
            },
            {
                "country" : "Anguilla",
                "country_code" : "1-264",
                "iso_codes" : "AI / AIA",
                "population" : 13254,
                "area_km2" : 102,
                "gdp_usd" : 175400000
            },
            {
                "country" : "Antarctica",
                "country_code" : "672",
                "iso_codes" : "AQ / ATA",
                "population" : 0,
                "area_km2" : 14000000,
                "gdp_usd" : null
            },
            {
                "country" : "Antigua and Barbuda",
                "country_code" : "1-268",
                "iso_codes" : "AG / ATG",
                "population" : 86754,
                "area_km2" : 443,
                "gdp_usd" : 1220000000
            },
            {
                "country" : "Argentina",
                "country_code" : "54",
                "iso_codes" : "AR / ARG",
                "population" : 41343201,
                "area_km2" : 2766890,
                "gdp_usd" : 484600000000
            },
            {
                "country" : "Armenia",
                "country_code" : "374",
                "iso_codes" : "AM / ARM",
                "population" : 2968000,
                "area_km2" : 29800,
                "gdp_usd" : 10440000000
            },
            {
                "country" : "Aruba",
                "country_code" : "297",
                "iso_codes" : "AW / ABW",
                "population" : 71566,
                "area_km2" : 193,
                "gdp_usd" : 2516000000
            }
]